{"eye_left": 0.54296875, "eye_right": 0.559375}